F1-Score,Precision,Recall
0.7533929485148997,0.7621951219512195,0.7642276422764227
